[{"created_at":"Mon Feb 24 16:02:37 +0000 2014","id":437980897392857088,"id_str":"437980897392857088","text":"@rosamundwo hey, you can contact us via pm through our tf account uou.ch","source":"\u003ca href=\"https:\/\/mobile.twitter.com\" rel=\"nofollow\"\u003eMobile Web (M5)\u003c\/a\u003e","truncated":false,"in_reply_to_status_id":437976041408065536,"in_reply_to_status_id_str":"437976041408065536","in_reply_to_user_id":1549324850,"in_reply_to_user_id_str":"1549324850","in_reply_to_screen_name":"uouapps","user":{"id":1549324850,"id_str":"1549324850","name":"UOU Apps","screen_name":"uouapps","location":"Switzerland","profile_location":null,"description":"UOU Apps -  Next Generation Professional Apps","url":"http:\/\/t.co\/VyZDQsrNT7","entities":{"url":{"urls":[{"url":"http:\/\/t.co\/VyZDQsrNT7","expanded_url":"http:\/\/www.uou.ch","display_url":"uou.ch","indices":[0,22]}]},"description":{"urls":[]}},"protected":false,"followers_count":90,"friends_count":29,"listed_count":2,"created_at":"Wed Jun 26 23:28:10 +0000 2013","favourites_count":0,"utc_offset":7200,"time_zone":"Athens","geo_enabled":false,"verified":false,"statuses_count":9,"lang":"en","contributors_enabled":false,"is_translator":false,"is_translation_enabled":false,"profile_background_color":"DFDFDF","profile_background_image_url":"http:\/\/pbs.twimg.com\/profile_background_images\/464352636607528961\/YxGMVH4W.jpeg","profile_background_image_url_https":"https:\/\/pbs.twimg.com\/profile_background_images\/464352636607528961\/YxGMVH4W.jpeg","profile_background_tile":false,"profile_image_url":"http:\/\/pbs.twimg.com\/profile_images\/464378973594472448\/OkBPLclQ_normal.jpeg","profile_image_url_https":"https:\/\/pbs.twimg.com\/profile_images\/464378973594472448\/OkBPLclQ_normal.jpeg","profile_banner_url":"https:\/\/pbs.twimg.com\/profile_banners\/1549324850\/1399891989","profile_link_color":"AFB7BA","profile_sidebar_border_color":"FFFFFF","profile_sidebar_fill_color":"DDEEF6","profile_text_color":"333333","profile_use_background_image":true,"default_profile":false,"default_profile_image":false,"following":false,"follow_request_sent":false,"notifications":false},"geo":null,"coordinates":null,"place":null,"contributors":null,"retweet_count":0,"favorite_count":0,"entities":{"hashtags":[],"symbols":[],"user_mentions":[{"screen_name":"rosamundwo","name":"Rosamund Wo","id":17572420,"id_str":"17572420","indices":[0,11]}],"urls":[]},"favorited":false,"retweeted":false,"lang":"en"},{"created_at":"Mon Feb 24 15:43:20 +0000 2014","id":437976041408065536,"id_str":"437976041408065536","text":"@rosamundwo @uouapps","source":"\u003ca href=\"https:\/\/dev.twitter.com\/docs\/tfw\" rel=\"nofollow\"\u003eTwitter for Websites\u003c\/a\u003e","truncated":false,"in_reply_to_status_id":437850898643947520,"in_reply_to_status_id_str":"437850898643947520","in_reply_to_user_id":17572420,"in_reply_to_user_id_str":"17572420","in_reply_to_screen_name":"rosamundwo","user":{"id":1549324850,"id_str":"1549324850","name":"UOU Apps","screen_name":"uouapps","location":"Switzerland","profile_location":null,"description":"UOU Apps -  Next Generation Professional Apps","url":"http:\/\/t.co\/VyZDQsrNT7","entities":{"url":{"urls":[{"url":"http:\/\/t.co\/VyZDQsrNT7","expanded_url":"http:\/\/www.uou.ch","display_url":"uou.ch","indices":[0,22]}]},"description":{"urls":[]}},"protected":false,"followers_count":90,"friends_count":29,"listed_count":2,"created_at":"Wed Jun 26 23:28:10 +0000 2013","favourites_count":0,"utc_offset":7200,"time_zone":"Athens","geo_enabled":false,"verified":false,"statuses_count":9,"lang":"en","contributors_enabled":false,"is_translator":false,"is_translation_enabled":false,"profile_background_color":"DFDFDF","profile_background_image_url":"http:\/\/pbs.twimg.com\/profile_background_images\/464352636607528961\/YxGMVH4W.jpeg","profile_background_image_url_https":"https:\/\/pbs.twimg.com\/profile_background_images\/464352636607528961\/YxGMVH4W.jpeg","profile_background_tile":false,"profile_image_url":"http:\/\/pbs.twimg.com\/profile_images\/464378973594472448\/OkBPLclQ_normal.jpeg","profile_image_url_https":"https:\/\/pbs.twimg.com\/profile_images\/464378973594472448\/OkBPLclQ_normal.jpeg","profile_banner_url":"https:\/\/pbs.twimg.com\/profile_banners\/1549324850\/1399891989","profile_link_color":"AFB7BA","profile_sidebar_border_color":"FFFFFF","profile_sidebar_fill_color":"DDEEF6","profile_text_color":"333333","profile_use_background_image":true,"default_profile":false,"default_profile_image":false,"following":false,"follow_request_sent":false,"notifications":false},"geo":null,"coordinates":null,"place":null,"contributors":null,"retweet_count":0,"favorite_count":0,"entities":{"hashtags":[],"symbols":[],"user_mentions":[{"screen_name":"rosamundwo","name":"Rosamund Wo","id":17572420,"id_str":"17572420","indices":[0,11]},{"screen_name":"uouapps","name":"UOU Apps","id":1549324850,"id_str":"1549324850","indices":[12,20]}],"urls":[]},"favorited":false,"retweeted":false,"lang":"und"},{"created_at":"Thu Sep 26 12:05:18 +0000 2013","id":383200606116007936,"id_str":"383200606116007936","text":"FUNDER - Crowdfunding Wordpress Theme has been approved\nhttp:\/\/t.co\/YG7qazAg8k","source":"\u003ca href=\"http:\/\/twitter.com\" rel=\"nofollow\"\u003eTwitter Web Client\u003c\/a\u003e","truncated":false,"in_reply_to_status_id":null,"in_reply_to_status_id_str":null,"in_reply_to_user_id":null,"in_reply_to_user_id_str":null,"in_reply_to_screen_name":null,"user":{"id":1549324850,"id_str":"1549324850","name":"UOU Apps","screen_name":"uouapps","location":"Switzerland","profile_location":null,"description":"UOU Apps -  Next Generation Professional Apps","url":"http:\/\/t.co\/VyZDQsrNT7","entities":{"url":{"urls":[{"url":"http:\/\/t.co\/VyZDQsrNT7","expanded_url":"http:\/\/www.uou.ch","display_url":"uou.ch","indices":[0,22]}]},"description":{"urls":[]}},"protected":false,"followers_count":90,"friends_count":29,"listed_count":2,"created_at":"Wed Jun 26 23:28:10 +0000 2013","favourites_count":0,"utc_offset":7200,"time_zone":"Athens","geo_enabled":false,"verified":false,"statuses_count":9,"lang":"en","contributors_enabled":false,"is_translator":false,"is_translation_enabled":false,"profile_background_color":"DFDFDF","profile_background_image_url":"http:\/\/pbs.twimg.com\/profile_background_images\/464352636607528961\/YxGMVH4W.jpeg","profile_background_image_url_https":"https:\/\/pbs.twimg.com\/profile_background_images\/464352636607528961\/YxGMVH4W.jpeg","profile_background_tile":false,"profile_image_url":"http:\/\/pbs.twimg.com\/profile_images\/464378973594472448\/OkBPLclQ_normal.jpeg","profile_image_url_https":"https:\/\/pbs.twimg.com\/profile_images\/464378973594472448\/OkBPLclQ_normal.jpeg","profile_banner_url":"https:\/\/pbs.twimg.com\/profile_banners\/1549324850\/1399891989","profile_link_color":"AFB7BA","profile_sidebar_border_color":"FFFFFF","profile_sidebar_fill_color":"DDEEF6","profile_text_color":"333333","profile_use_background_image":true,"default_profile":false,"default_profile_image":false,"following":false,"follow_request_sent":false,"notifications":false},"geo":null,"coordinates":null,"place":null,"contributors":null,"retweet_count":0,"favorite_count":0,"entities":{"hashtags":[],"symbols":[],"user_mentions":[],"urls":[{"url":"http:\/\/t.co\/YG7qazAg8k","expanded_url":"http:\/\/themeforest.net\/item\/funder-crowdfunding-wordpress-theme\/5689109?WT.ac=category_thumb&WT.seg_1=category_thumb&WT.z_author=uouapps","display_url":"themeforest.net\/item\/funder-cr\u2026","indices":[56,78]}]},"favorited":false,"retweeted":false,"possibly_sensitive":false,"lang":"en"}]